TEAM/YEAR,2024,2023,2022,2021,2020,2019,2018,2017,2016,2015,2014,2013,2012,2011,2010,2009,2008,2007,2006,2005,2004,2003,2002,2001,2000,1999,1998,1997,1996,1995,1993,1992,1991,1990,1989,1988,1987,1986,1985,1984,1983,1982,1981,1980,1979,1978,1977,1976,1975,1974,1973,1972,1971,1970,1969,1968,1967,1966,1965,1964,1963,1962,1961,1960,1959,1958,1957,1956,1955,1954,1953,1952,1951,1950,1949,1948,1947,1946,1945,1944,1943,1942,1941,1940,1939,1938,1937,1936,1935,1934,1933,1932,1931,1930,1929,1928,1927,1926,1925,1924,1923,1922,1921,1920,1919,1918,1917,1916,1915,1914,1913,1912,1911,1910,1909,1908,1907,1906,1905,1903
Angels (10),1 (10),9*,8*,7*,6,5,4,3,2,1,0,4,3,2,1,0,0,0,1,0,0,1,0,14,13,12,11,10,9,8,7,6,5,4,3,2,1,0,3,2,1,0,2,1,0,18,17,16,15,14,13,12,11,10,9,8,7,6,5,4,3,2,1,,,,,,,,,,,,,,,,,,,,,,,,,,,,,,,,,,,,,,,,,,,,,,,,,,,,,,,,,
Pirates (17),2 (9),8,7,6,5,4,3,2,1,0,0,0,19,18,17,16,15,14,13,12,11,10,9,8,7,6,5,4,3,2,1,0,0,0,10,9,8,7,6,5,4,3,2,1,0,3,2,1,0,0,1,0,0,0,9,8,7,6,5,4,3,2,1,0,32*,31,30,29,28,27,26,25,24,23,22,21,20,19,18,17,16,15,14,13,12,11,10,9,8,7,6,5,4,3,2,1,0,1,0,15,14,13,12,11,10,9,8,7,6,5,4,3,2,1,0,4,3,2,1,0
Rockies (5),3 (6),5,4,3,2,1,0,0,7,6,5,4,3,2,1,0,1,0,11,10,9,8,7,6,5,4,3,2,1,0,1,,,,,,,,,,,,,,,,,,,,,,,,,,,,,,,,,,,,,,,,,,,,,,,,,,,,,,,,,,,,,,,,,,,,,,,,,,,,,,,,,,,,,,,,,
Nationals (6),4 (5),4,3,2,1,0,1,0,0,1,0,1,0,29*,28*,27*,26*,25*,24*,23*,22*,21*,20*,19*,18*,17*,16*,15*,14*,13,12,11,10,9,8,7,6,5,4,3,2,1,0,12,11,10,9,8,7,6,5,4,3,2,1,,,,,,,,,,,,,,,,,,,,,,,,,,,,,,,,,,,,,,,,,,,,,,,,,,,,,,,,,,,,,,,,,
Athletics (29),5 (4),3,2,1,0,0,0,3,2,1,0,0,0,5,4,3,2,1,0,2,1,0,0,0,0,6,5,4,3,2,1,0,1,0,0,0,6,5,4,3,2,1,0,5,4,3,2,1,0,0,0,0,0,39*,38*,37*,36*,35*,34*,33*,32*,31*,30*,29*,28,27,26,25,24,23,22,21,20,19,18,17,16,15,14,13,12,11,10,9,8,7,6,5,4,3,2,1,0,0,0,14,13,12,11,10,9,8,7,6,5,4,3,2,1,0,0,1,0,0,4,3,2,1,0,1*
Cubs (21),5 (4),3,2,1,0,1,0,0,0,0,6,5,4,3,2,1,0,0,3,2,1,0,4,3,2,1,0,7,6,5,4,3,2,1,0,4,3,2,1,0,38*,37*,36*,35*,34*,33*,32*,31*,30*,29*,28*,27*,26*,25,24,23,22,21,20,19,18,17,16,15,14,13,12,11,10,9,8,7,6,5,4,3,2,1,0,6,5,4,3,2,1,0,2,1,0,2,1,0,2,1,0,10,9,8,7,6,5,4,3,2,1,0,7,6,5,4,3,2,1,0,1,0,0,0,2*,1*
Reds (16),5 (4),3,2,1,0,6,5,4,3,2,1,0,0,1,0,14,13,12,11,10,9,8,7,6,5,4,3,2,1,0,3,2,1,0,10,9,8,7,6,5,4,3,2,1,0,2,1,0,0,1,0,0,1,0,8,7,6,5,4,3,2,1,0,20,19,18,17,16,15,14,13,12,11,10,9,8,7,6,5,4,3,2,1,0,0,19,18,17,16,15,14,13,12,11,10,9,8,7,6,5,4,3,2,1,0,15*,14*,13*,12*,11*,10*,9*,8*,7*,6*,5*,4*,3*,2*,1*
Giants (27),8 (3),2,1,0,4,3,2,1,0,1,0,1,0,1,0,6,5,4,3,2,1,0,0,1,0,2,1,0,6,5,4,3,2,1,0,1,0,15,14,13,12,11,10,9,8,7,6,5,4,3,2,1,0,8,7,6,5,4,3,2,1,0,7,6,5,4,3,2,1,0,2,1,0,13,12,11,10,9,8,7,6,5,4,3,2,1,0,0,2,1,0,8,7,6,5,4,3,2,1,0,0,0,0,3,2,1,0,3,2,1,0,0,0,5,4,3,2,1,0,1*
Red Sox (25),8 (3),2,1,0,2,1,0,0,0,2,1,0,3,2,1,0,0,0,1,0,0,0,3,2,1,0,0,2,1,0,3,2,1,0,1,0,1,0,10,9,8,7,6,5,4,3,2,1,0,7,6,5,4,3,2,1,0,20,19,18,17,16,15,14,13,12,11,10,9,8,7,6,5,4,3,2,1,0,27,26,25,24,23,22,21,20,19,18,17,16,15,14,13,12,11,10,9,8,7,6,5,4,3,2,1,0,1,0,0,2,1,0,7,6,5,4,3,2,1,0
White Sox (11),8 (3),2,1,0,0,11,10,9,8,7,6,5,4,3,2,1,0,2,1,0,4,3,2,1,0,5,4,3,2,1,0,9,8,7,6,5,4,3,2,1,0,23,22,21,20,19,18,17,16,15,14,13,12,11,10,9,8,7,6,5,4,3,2,1,0,39*,38*,37*,36*,35*,34*,33*,32*,31*,30,29,28,27,26,25,24,23,22,21,20,19,18,17,16,15,14,13,12,11,10,9,8,7,6,5,4,3,2,1,0,1,0,10,9,8,7,6,5,4,3,2,1,0,2*,1*
Cardinals (32),11 (2),1,0,0,0,0,3,2,1,0,0,0,0,0,1,0,2,1,0,0,0,1,0,0,0,3,2,1,0,7,6,5,4,3,2,1,0,1,0,2,1,0,13,12,11,10,9,8,7,6,5,4,3,2,1,0,0,2,1,0,17,16,15,14,13,12,11,10,9,8,7,6,5,4,3,2,1,0,1,0,0,0,7,6,5,4,3,2,1,0,2,1,0,0,1,0,1,0,22*,21*,20*,19*,18*,17*,16*,15*,14*,13*,12*,11*,10*,9*,8*,7*,6*,5*,4*,3*,2*,1*
Mariners (5),11 (2),1,0,20,19*,18*,17*,16*,15*,14*,13,12,11,10,9,8,7,6,5,4,3,2,1,0,0,2,1,0,1,0,17,16,15,14,13,12,11,10,9,8,7,6,5,4,3,2,1,,,,,,,,,,,,,,,,,,,,,,,,,,,,,,,,,,,,,,,,,,,,,,,,,,,,,,,,,,,,,,,,,,,,,,,,,
Blue Jays (10),13 (1),0,0,1,0,3,2,1,0,0,20*,19,18,17,16,15,14,13,12,11,10,9,8,7,6,5,4,3,2,1,0,0,0,1,0,3,2,1,0,8,7,6,5,4,3,2,1,,,,,,,,,,,,,,,,,,,,,,,,,,,,,,,,,,,,,,,,,,,,,,,,,,,,,,,,,,,,,,,,,,,,,,,,,
Diamondbacks (7),13 (1),0,5,4,3,2,1,0,5,4,3,2,1,0,3,2,1,0,4,3,2,1,0,0,1,0,1,,,,,,,,,,,,,,,,,,,,,,,,,,,,,,,,,,,,,,,,,,,,,,,,,,,,,,,,,,,,,,,,,,,,,,,,,,,,,,,,,,,,,,,,,,,,,
Marlins (4),13 (1),0,2,1,0,16,15,14,13,12,11,10,9,8,7,6,5,4,3,2,1,0,5,4,3,2,1,0,3,2,1,,,,,,,,,,,,,,,,,,,,,,,,,,,,,,,,,,,,,,,,,,,,,,,,,,,,,,,,,,,,,,,,,,,,,,,,,,,,,,,,,,,,,,,,,
Rangers (9),13 (1),0,6,5,4,3,2,1,0,0,2,1,0,0,0,10,9,8,7,6,5,4,3,2,1,0,0,1,0,34*,33,32,31,30,29,28,27,26,25,24,23,22,21,20,19,18,17,16,15,14,13,12,11,10,9,8,7,6,5,4,3,2,1,,,,,,,,,,,,,,,,,,,,,,,,,,,,,,,,,,,,,,,,,,,,,,,,,,,,,,,,,
Rays (9),13 (1),0,0,0,0,0,5,4,3,2,1,0,1,0,0,1,0,10,9,8,7,6,5,4,3,2,1,,,,,,,,,,,,,,,,,,,,,,,,,,,,,,,,,,,,,,,,,,,,,,,,,,,,,,,,,,,,,,,,,,,,,,,,,,,,,,,,,,,,,,,,,,,,,
Twins (18),13 (1),0,2,1,0,0,1,0,6,5,4,3,2,1,0,0,2,1,0,1,0,0,0,9,8,7,6,5,4,3,2,1,0,3,2,1,0,16,15,14,13,12,11,10,9,8,7,6,5,4,3,2,1,0,0,3,2,1,0,31,30,29,28,27,26,25,24,23,22,21,20,19,18,17,16,15,14,13,12,11,10,9,8,7,6,5,4,3,2,1,0,7,6,5,4,3,2,1,0,0,20*,19*,18*,17*,16*,15*,14*,13*,12*,11*,10*,9*,8*,7*,6*,5*,4*,3*,2*,1*
Astros (18),19 (0),0,0,0,0,0,0,0,1,0,9,8,7,6,5,4,3,2,1,0,0,2,1,0,1,0,0,0,9,8,7,6,5,4,3,2,1,0,4,3,2,1,0,0,18,17,16,15,14,13,12,11,10,9,8,7,6,5,4,3,2,1,,,,,,,,,,,,,,,,,,,,,,,,,,,,,,,,,,,,,,,,,,,,,,,,,,,,,,,,,,
Braves (30),19 (0),0,0,0,0,0,0,4,3,2,1,0,0,1,0,4,3,2,1,0,0,0,0,0,0,0,0,0,0,0,0,0,0,8,7,6,5,4,3,2,1,0,12,11,10,9,8,7,6,5,4,3,2,1,0,10,9,8,7,6,5,4,3,2,1,0,0,8,7,6,5,4,3,2,1,0,33*,32*,31*,30*,29,28,27,26,25,24,23,22,21,20,19,18,17,16,15,14,13,12,11,10,9,8,7,6,5,4,3,2,1,0,10*,9*,8*,7*,6*,5*,4*,3*,2*,1*
Brewers (10),19 (0),0,1,0,0,0,0,6,5,4,3,2,1,0,2,1,0,24,23,22,21,20,19,18,17,16,15,14,13,12,11,10,9,8,7,6,5,4,3,2,1,0,0,12,11,10,9,8,7,6,5,4,3,2,1,,,,,,,,,,,,,,,,,,,,,,,,,,,,,,,,,,,,,,,,,,,,,,,,,,,,,,,,,,,,,,,,,
Dodgers (38),19 (0),0,0,0,0,0,0,0,0,0,0,0,3,2,1,0,0,1,0,1,0,7,6,5,4,3,2,1,0,0,5,4,3,2,1,0,2,1,0,1,0,1,0,2,1,0,0,2,1,0,7,6,5,4,3,2,1,0,0,1,0,3,2,1,0,2,1,0,0,1,0,0,2,1,0,1,0,5,4,3,2,1,0,20,19,18,17,16,15,14,13,12,11,10,9,8,7,6,5,4,3,2,1,0,3,2,1,0,12*,11*,10*,9*,8*,7*,6*,5*,4*,3*,2*,1*
Guardians (17),19 (0),1,0,1,0,1,0,0,0,2,1,0,5,4,3,2,1,0,5,4,3,2,1,0,1,0,0,0,0,0,39*,38*,37*,36*,35*,34*,33*,32*,31*,30*,29,28,27,26,25,24,23,22,21,20,19,18,17,16,15,14,13,12,11,10,9,8,7,6,5,4,3,2,1,0,5,4,3,2,1,0,27,26,25,24,23,22,21,20,19,18,17,16,15,14,13,12,11,10,9,8,7,6,5,4,3,2,1,0,16*,15*,14*,13*,12*,11*,10*,9*,8*,7*,6*,5*,4*,3*,2*,1*
Mets (11),19 (0),1,0,5,4,3,2,1,0,0,8,7,6,5,4,3,2,1,0,5,4,3,2,1,0,0,9,8,7,6,5,4,3,2,1,0,1,0,12,11,10,9,8,7,6,5,4,3,2,1,0,3,2,1,0,7,6,5,4,3,2,1,,,,,,,,,,,,,,,,,,,,,,,,,,,,,,,,,,,,,,,,,,,,,,,,,,,,,,,,,,
Orioles (16),19 (0),0,6,5,4,3,2,1,0,1,0,1,0,14,13,12,11,10,9,8,7,6,5,4,3,2,1,0,0,11,10,9,8,7,6,5,4,3,2,1,0,3,2,1,0,4,3,2,1,0,0,1,0,0,0,2,1,0,21,20,19,18,17,16,15,14,13,12,11,10,9,8,7,6,5,4,3,2,1,0,40**,39*,38*,37*,36*,35*,34*,33*,32*,31*,30*,29*,28*,27*,26*,25*,24*,23*,22*,21*,20*,19*,18*,17*,16*,15*,14*,13*,12*,11*,10*,9*,8*,7*,6*,5*,4*,3*,2*,1*
Padres (8),19 (0),1,0,1,0,13,12,11,10,9,8,7,6,5,4,3,2,1,0,0,6,5,4,3,2,1,0,1,0,10,9,8,7,6,5,4,3,2,1,0,15,14,13,12,11,10,9,8,7,6,5,4,3,2,1,,,,,,,,,,,,,,,,,,,,,,,,,,,,,,,,,,,,,,,,,,,,,,,,,,,,,,,,,,,,,,,,,
Phillies (17),19 (0),0,0,10,9,8,7,6,5,4,3,2,1,0,0,0,0,0,12,11,10,9,8,7,6,5,4,3,2,1,0,9,8,7,6,5,4,3,2,1,0,1,0,0,1,0,0,0,25,24,23,22,21,20,19,18,17,16,15,14,13,12,11,10,9,8,7,6,5,4,3,2,1,0,34*,33*,32,31,30,29,28,27,26,25,24,23,22,21,20,19,18,17,16,15,14,13,12,11,10,9,8,7,6,5,4,3,2,1,0,11*,10*,9*,8*,7*,6*,5*,4*,3*,2*,1*
Royals (10),19 (0),8,7,6,5,4,3,2,1,0,0,27*,26*,25,24,23,22,21,20,19,18,17,16,15,14,13,12,11,10,9,8,7,6,5,4,3,2,1,0,0,2,1,0,0,1,0,0,0,7,6,5,4,3,2,1,,,,,,,,,,,,,,,,,,,,,,,,,,,,,,,,,,,,,,,,,,,,,,,,,,,,,,,,,,,,,,,,,
Tigers (17),19 (0),9,8,7,6,5,4,3,2,1,0,0,0,0,4,3,2,1,0,17,16,15,14,13,12,11,10,9,8,7,6,5,4,3,2,1,0,2,1,0,11,10,9,8,7,6,5,4,3,2,1,0,3,2,1,0,22,21,20,19,18,17,16,15,14,13,12,11,10,9,8,7,6,5,4,3,2,1,0,4,3,2,1,0,4,3,2,1,0,0,24,23,22,21,20,19,18,17,16,15,14,13,12,11,10,9,8,7,6,5,4,3,2,1,0,0,0,3*,2*,1*
Yankees (59),19 (0),1,0,0,0,0,0,0,1,0,2,1,0,0,0,0,1,0,0,0,0,0,0,0,0,0,0,0,0,0,12,11,10,9,8,7,6,5,4,3,2,1,0,0,1,0,0,0,11,10,9,8,7,6,5,4,3,2,1,0,0,0,0,0,1,0,0,0,0,1,0,0,0,0,0,1,0,3,2,1,0,0,0,1,0,0,0,0,3,2,1,0,3,2,1,0,0,0,2,1,0,0,0,17*,16*,15*,14*,13*,12*,11*,10*,9*,8*,7*,6*,5*,4*,3*,2*,1*
